arranjo,estado,cidade,codigo_ibge
Adamantina - Lucélia/SP,SP,Adamantina,3500105
Adamantina - Lucélia/SP,SP,Inúbia Paulista,3520806
Adamantina - Lucélia/SP,SP,Lucélia,3527405
Adamantina - Lucélia/SP,SP,Mariápolis,3528908
Adamantina - Lucélia/SP,SP,Pracinha,3540853
Adrianópolis/PR - Ribeira/SP,PR,Adrianópolis,4100202
Adrianópolis/PR - Ribeira/SP,SP,Ribeira,3542800
Águas de Lindóia/SP,SP,Águas de Lindóia,3500501
Águas de Lindóia/SP,SP,Lindóia,3527009
Além Paraíba/MG - Sapucaia/RJ,MG,Além Paraíba,3101508
Além Paraíba/MG - Sapucaia/RJ,RJ,Sapucaia,3305406
Alto Araguaia/MT,MT,Alto Araguaia,5100300
Alto Araguaia/MT,GO,Santa Rita do Araguaia,5219407
Alto Parnaíba/MA - Santa Filomena/PI,MA,Alto Parnaíba,2100501
Alto Parnaíba/MA - Santa Filomena/PI,PI,Santa Filomena,2209203
Alvorada do Norte - Simolândia/GO,GO,Alvorada do Norte,5200803
Alvorada do Norte - Simolândia/GO,GO,Simolândia,5220686
Amarante/PI - São Francisco do Maranhão/MA,PI,Amarante,2200509
Amarante/PI - São Francisco do Maranhão/MA,MA,São Francisco do Maranhão,2110906
Americana - Santa Bárbara d ́Oeste/SP,SP,Americana,3501608
Americana - Santa Bárbara d ́Oeste/SP,SP,Nova Odessa,3533403
Americana - Santa Bárbara d ́Oeste/SP,SP,Santa Bárbara d ́Oeste,3545803
Amparo/SP,SP,Amparo,3501905
Amparo/SP,SP,Monte Alegre do Sul,3531209
Angical do Piauí/PI,PI,Angical do Piauí,2200608
Angical do Piauí/PI,PI,Santo Antônio dos Milagres,2209450
Antônio Prado/RS,RS,Antônio Prado,4300802
Antônio Prado/RS,RS,Ipê,4310439
Aquidauana - Anastácio/MS,MS,Anastácio,5000708
Aquidauana - Anastácio/MS,MS,Aquidauana,5001102
Aracaju/SE,SE,Aracaju,2800308
Aracaju/SE,SE,Barra dos Coqueiros,2800605
Aracaju/SE,SE,Carmópolis,2801504
Aracaju/SE,SE,Divina Pastora,2802007
Aracaju/SE,SE,General Maynard,2802502
Aracaju/SE,SE,Laranjeiras,2803609
Aracaju/SE,SE,Maruim,2804003
Aracaju/SE,SE,Nossa Senhora do Socorro,2804805
Aracaju/SE,SE,Riachuelo,2805901
Aracaju/SE,SE,Rosário do Catete,2806107
Aracaju/SE,SE,São Cristóvão,2806701
Aracaju/SE,SE,Siriri,2807204
Araranguá/SC,SC,Araranguá,4201406
Araranguá/SC,SC,Balneário Arroio do Silva,4201950
Araranguá/SC,SC,Ermo,4205191
Araraquara/SP,SP,Américo Brasiliense,3501707
Araraquara/SP,SP,Araraquara,3503208
Araraquara/SP,SP,Gavião Peixoto,3516853
Araraquara/SP,SP,Rincão,3543709
Araraquara/SP,SP,Santa Lúcia,3546900
Araripina/PE,PE,Araripina,2601102
Araripina/PE,PI,Marcolândia,2205953
Araruama/RJ,RJ,Araruama,3300209
Araruama/RJ,RJ,Iguaba Grande,3301876
Araxá/MG,MG,Araxá,3104007
Araxá/MG,MG,Tapira,3168101
Arenápolis - Nortelândia/MT,MT,Arenápolis,5101308
Arenápolis - Nortelândia/MT,MT,Nortelândia,5106000
Artur Nogueira/SP,SP,Artur Nogueira,3503802
Artur Nogueira/SP,SP,Holambra,3519055
Atibaia/SP,SP,Atibaia,3504107
Atibaia/SP,SP,Bom Jesus dos Perdões,3507100
Bagé/RS,RS,Aceguá,4300034
Bagé/RS,RS,Bagé,4301602
Bagé/RS,RS,Candiota,4304358
Bagé/RS,RS,Hulha Negra,4309654
Baixada Santista/SP,SP,Cubatão,3513504
Baixada Santista/SP,SP,Guarujá,3518701
Baixada Santista/SP,SP,Itanhaém,3522109
Baixada Santista/SP,SP,Mongaguá,3531100
Baixada Santista/SP,SP,Praia Grande,3541000
Baixada Santista/SP,SP,Santos,3548500
Baixada Santista/SP,SP,São Vicente,3551009
Barbacena/MG,MG,Alfredo Vasconcelos,3101631
Barbacena/MG,MG,Antônio Carlos,3102902
Barbacena/MG,MG,Barbacena,3105608
Barra Bonita - Igaraçu do Tietê/SP,SP,Barra Bonita,3505302
Barra Bonita - Igaraçu do Tietê/SP,SP,Igaraçu do Tietê,3520004
Barra do Garças/MT,GO,Aragarças,5201702
Barra do Garças/MT,MT,Barra do Garças,5101803
Barra do Garças/MT,MT,Pontal do Araguaia,5106653
Bauru/SP,SP,Bauru,3506003
Bauru/SP,SP,Piratininga,3539400
Belém/PA,PA,Ananindeua,1500800
Belém/PA,PA,Belém,1501402
Belém/PA,PA,Benevides,1501501
Belém/PA,PA,Marituba,1504422
Belo Horizonte/MG,MG,Belo Horizonte,3106200
Belo Horizonte/MG,MG,Betim,3106705
Belo Horizonte/MG,MG,Brumadinho,3109006
Belo Horizonte/MG,MG,Caeté,3110004
Belo Horizonte/MG,MG,Confins,3117876
Belo Horizonte/MG,MG,Contagem,3118601
Belo Horizonte/MG,MG,Esmeraldas,3124104
Belo Horizonte/MG,MG,Ibirité,3129806
Belo Horizonte/MG,MG,Igarapé,3130101
Belo Horizonte/MG,MG,Juatuba,3136652
Belo Horizonte/MG,MG,Lagoa Santa,3137601
Belo Horizonte/MG,MG,Mário Campos,3140159
Belo Horizonte/MG,MG,Nova Lima,3144805
Belo Horizonte/MG,MG,Pedro Leopoldo,3149309
Belo Horizonte/MG,MG,Raposos,3153905
Belo Horizonte/MG,MG,Ribeirão das Neves,3154606
Belo Horizonte/MG,MG,Rio Acima,3154804
Belo Horizonte/MG,MG,Sabará,3156700
Belo Horizonte/MG,MG,Santa Luzia,3157807
Belo Horizonte/MG,MG,São Joaquim de Bicas,3162922
Belo Horizonte/MG,MG,São José da Lapa,3162955
Belo Horizonte/MG,MG,Sarzedo,3165537
Belo Horizonte/MG,MG,Vespasiano,3171204
Bento Gonçalves/RS,RS,Bento Gonçalves,4302105
Bento Gonçalves/RS,RS,Carlos Barbosa,4304804
Bento Gonçalves/RS,RS,Garibaldi,4308607
Bento Gonçalves/RS,RS,Monte Belo do Sul,4312385
Bicas/MG,MG,Bicas,3106903
Bicas/MG,MG,Guarará,3128501
Birigui/SP,SP,Birigui,3506508
Birigui/SP,SP,Braúna,3507704
Birigui/SP,SP,Brejo Alegre,3507753
Birigui/SP,SP,Coroados,3512506
Blumenau/SC,SC,Blumenau,4202404
Blumenau/SC,SC,Gaspar,4205902
Blumenau/SC,SC,Ilhota,4207106
Blumenau/SC,SC,Indaial,4207502
Boituva - Iperó/SP,SP,Boituva,3507001
Boituva - Iperó/SP,SP,Iperó,3521002
Bom Jesus do Itabapoana/RJ,RJ,Bom Jesus do Itabapoana,3300605
Bom Jesus do Itabapoana/RJ,ES,Bom Jesus do Norte,3201100
Brasília/DF,GO,Águas Lindas de Goiás,5200258
Brasília/DF,DF,Brasília,5300108
Brasília/DF,GO,Cidade Ocidental,5205497
Brasília/DF,GO,Luziânia,5212501
Brasília/DF,GO,Novo Gama,5215231
Brasília/DF,GO,Padre Bernardo,5215603
Brasília/DF,GO,Planaltina,5217609
Brasília/DF,GO,Santo Antônio do Descoberto,5219753
Brasília/DF,GO,Valparaíso de Goiás,5221858
Brejões - Nova Itarana/BA,BA,Brejões,2904308
Brejões - Nova Itarana/BA,BA,Nova Itarana,2922805
Brusque/SC,SC,Botuverá,4202701
Brusque/SC,SC,Brusque,4202909
Brusque/SC,SC,Guabiruba,4206306
Cabo Frio/RJ,RJ,Armação dos Búzios,3300233
Cabo Frio/RJ,RJ,Arraial do Cabo,3300258
Cabo Frio/RJ,RJ,Cabo Frio,3300704
Cabo Frio/RJ,RJ,São Pedro da Aldeia,3305208
Cachoeira - Muritiba - Governador Mangabeira/BA,BA,Cachoeira,2904902
Cachoeira - Muritiba - Governador Mangabeira/BA,BA,Governador Mangabeira,2911600
Cachoeira - Muritiba - Governador Mangabeira/BA,BA,Muritiba,2922300
Cachoeira - Muritiba - Governador Mangabeira/BA,BA,São Félix,2929008
Caetés - Capoeiras/PE,PE,Caetés,2603207
Caetés - Capoeiras/PE,PE,Capoeiras,2603801
Caiçara - Logradouro/PB,PB,Caiçara,2503605
Caiçara - Logradouro/PB,PB,Logradouro,2508554
Caiçara do Norte/RN,RN,Caiçara do Norte,2401859
Caiçara do Norte/RN,RN,São Bento do Norte,2411601
Caldas Novas/GO,GO,Caldas Novas,5204508
Caldas Novas/GO,GO,Rio Quente,5218789
Cambuí/MG,MG,Cambuí,3110608
Cambuí/MG,MG,Córrego do Bom Jesus,3119906
Campina Grande/PB,PB,Campina Grande,2504009
Campina Grande/PB,PB,Lagoa Seca,2508307
Campina Grande/PB,PB,Massaranduba,2509206
Campina Grande/PB,PB,Puxinanã,2512408
Campina Grande/PB,PB,Queimadas,2512507
Campinas/SP,SP,Campinas,3509502
Campinas/SP,SP,Cosmópolis,3512803
Campinas/SP,SP,Hortolândia,3519071
Campinas/SP,SP,Monte Mor,3531803
Campinas/SP,SP,Paulínia,3536505
Campinas/SP,SP,Sumaré,3552403
Campinas/SP,SP,Valinhos,3556206
Campinas/SP,SP,Vinhedo,3556701
Campos dos Goytacazes/RJ,RJ,Campos dos Goytacazes,3301009
Campos dos Goytacazes/RJ,RJ,São João da Barra,3305000
Canela - Gramado/RS,RS,Canela,4304408
Canela - Gramado/RS,RS,Gramado,4309100
Canoinhas/SC,SC,Canoinhas,4203808
Canoinhas/SC,SC,Três Barras,4218301
Capão Bonito/SP,SP,Capão Bonito,3510203
Capão Bonito/SP,SP,Ribeirão Grande,3543253
Capão da Canoa/RS,RS,Capão da Canoa,4304630
Capão da Canoa/RS,RS,Terra de Areia,4321436
Capão da Canoa/RS,RS,Xangri-lá,4323804
Capinzal/SC,SC,Capinzal,4203907
Capinzal/SC,SC,Ouro,4211801
Capinzal/SC,SC,Zortéa,4219853
Capivari/SP,SP,Capivari,3510401
Capivari/SP,SP,Rafard,3542107
Caraguatatuba - Ubatuba - São Sebastião/SP,SP,Caraguatatuba,3510500
Caraguatatuba - Ubatuba - São Sebastião/SP,SP,Ilhabela,3520400
Caraguatatuba - Ubatuba - São Sebastião/SP,SP,São Sebastião,3550704
Caraguatatuba - Ubatuba - São Sebastião/SP,SP,Ubatuba,3555406
Caraí/MG,MG,Caraí,3113008
Caraí/MG,MG,Catuji,3115458
Carolina/MA,MA,Carolina,2102804
Carolina/MA,TO,Filadélfia,1707702
Cascavel/PR,PR,Cascavel,4104808
Cascavel/PR,PR,Santa Tereza do Oeste,4124020
Catalão/GO,GO,Catalão,5205109
Catalão/GO,GO,Goiandira,5208509
Catalão/GO,GO,Ouvidor,5215504
Catalão/GO,GO,Três Ranchos,5221304
Catanduva/SP,SP,Catanduva,3511102
Catanduva/SP,SP,Catiguá,3511201
Catanduva/SP,SP,Elisiário,3514924
Catanduva/SP,SP,Embaúba,3514957
Catanduva/SP,SP,Marapoama,3528858
Catanduva/SP,SP,Novais,3533254
Catanduva/SP,SP,Pindorama,3538105
Caxambu - Baependi/MG,MG,Baependi,3104908
Caxambu - Baependi/MG,MG,Caxambu,3115508
Caxias do Sul/RS,RS,Caxias do Sul,4305108
Caxias do Sul/RS,RS,Farroupilha,4307906
Caxias do Sul/RS,RS,Vale Real,4322541
Ceres - Rialma/GO,GO,Ceres,5205406
Ceres - Rialma/GO,GO,Rialma,5218607
Cerquilho - Tietê/SP,SP,Cerquilho,3511508
Cerquilho - Tietê/SP,SP,Tietê,3554508
Cerro Largo/RS,RS,Cerro Largo,4305207
Cerro Largo/RS,RS,Salvador das Missões,4316477
Chapecó/SC,SC,Chapecó,4204202
Chapecó/SC,SC,Cordilheira Alta,4204350
Chapecó/SC,SC,Guatambú,4206652
Charqueadas - Triunfo - São Jerônimo/RS,RS,Charqueadas,4305355
Charqueadas - Triunfo - São Jerônimo/RS,RS,São Jerônimo,4318408
Charqueadas - Triunfo - São Jerônimo/RS,RS,Triunfo,4322004
Cidreira - Balneário Pinhal/RS,RS,Balneário Pinhal,4301636
Cidreira - Balneário Pinhal/RS,RS,Cidreira,4305454
Colorado/PR,PR,Colorado,4105904
Colorado/PR,PR,Nossa Senhora das Graças,4116406
Conceição do Almeida - Sapeaçu/BA,BA,Conceição do Almeida,2908309
Conceição do Almeida - Sapeaçu/BA,BA,Sapeaçu,2929602
Conselheiro Lafaiete/MG,MG,Congonhas,3118007
Conselheiro Lafaiete/MG,MG,Conselheiro Lafaiete,3118304
Conselheiro Lafaiete/MG,MG,Jeceaba,3135407
Conselheiro Lafaiete/MG,MG,Ouro Branco,3145901
Conselheiro Lafaiete/MG,MG,Queluzito,3153806
Conselheiro Lafaiete/MG,MG,São Brás do Suaçuí,3160900
Cordeiro - Cantagalo/RJ,RJ,Cantagalo,3301108
Cordeiro - Cantagalo/RJ,RJ,Cordeiro,3301504
Criciúma/SC,SC,Cocal do Sul,4204251
Criciúma/SC,SC,Criciúma,4204608
Criciúma/SC,SC,Forquilhinha,4205456
Criciúma/SC,SC,Içara,4207007
Criciúma/SC,SC,Morro da Fumaça,4211207
Criciúma/SC,SC,Morro Grande,4211256
Criciúma/SC,SC,Nova Veneza,4211603
Criciúma/SC,SC,Siderópolis,4217600
Criciúma/SC,SC,Treviso,4218350
Criciúma/SC,SC,Urussanga,4219002
Cruzeiro/SP,SP,Cruzeiro,3513405
Cruzeiro/SP,SP,Lavrinhas,3526605
Cuiabá/MT,MT,Cuiabá,5103403
Cuiabá/MT,MT,Várzea Grande,5108402
Cuité - Nova Floresta/PB,PB,Cuité,2505105
Cuité - Nova Floresta/PB,PB,Nova Floresta,2510105
Curitiba/PR,PR,Almirante Tamandaré,4100400
Curitiba/PR,PR,Araucária,4101804
Curitiba/PR,PR,Balsa Nova,4102307
Curitiba/PR,PR,Bocaiúva do Sul,4103107
Curitiba/PR,PR,Campina Grande do Sul,4104006
Curitiba/PR,PR,Campo Largo,4104204
Curitiba/PR,PR,Campo Magro,4104253
Curitiba/PR,PR,Colombo,4105805
Curitiba/PR,PR,Contenda,4106209
Curitiba/PR,PR,Curitiba,4106902
Curitiba/PR,PR,Fazenda Rio Grande,4107652
Curitiba/PR,PR,Itaperuçu,4111258
Curitiba/PR,PR,Mandirituba,4114302
Curitiba/PR,PR,Pinhais,4119152
Curitiba/PR,PR,Piraquara,4119509
Curitiba/PR,PR,Quatro Barras,4120804
Curitiba/PR,PR,Rio Branco do Sul,4122206
Curitiba/PR,PR,São José dos Pinhais,4125506
Curvelo/MG,MG,Curvelo,3120904
Curvelo/MG,MG,Inimutaba,3131109
Duas Estradas - Serra da Raiz/PB,PB,Duas Estradas,2505808
Duas Estradas - Serra da Raiz/PB,PB,Serra da Raiz,2515609
Estreito/MA,TO,Aguiarnópolis,1700301
Estreito/MA,MA,Estreito,2104057
Fernandópolis/SP,SP,Fernandópolis,3515509
Fernandópolis/SP,SP,Macedônia,3528205
Fernandópolis/SP,SP,Pedranópolis,3536901
Floriano/PI,MA,Barão de Grajaú,2101509
Floriano/PI,PI,Floriano,2203909
Florianópolis/SC,SC,Águas Mornas,4200606
Florianópolis/SC,SC,Antônio Carlos,4201208
Florianópolis/SC,SC,Biguaçu,4202305
Florianópolis/SC,SC,Florianópolis,4205407
Florianópolis/SC,SC,Governador Celso Ramos,4206009
Florianópolis/SC,SC,Palhoça,4211900
Florianópolis/SC,SC,Paulo Lopes,4212304
Florianópolis/SC,SC,Santo Amaro da Imperatriz,4215703
Florianópolis/SC,SC,São José,4216602
Florianópolis/SC,SC,São Pedro de Alcântara,4217253
Fortaleza/CE,CE,Aquiraz,2301000
Fortaleza/CE,CE,Caucaia,2303709
Fortaleza/CE,CE,Eusébio,2304285
Fortaleza/CE,CE,Fortaleza,2304400
Fortaleza/CE,CE,Itaitinga,2306256
Fortaleza/CE,CE,Maracanaú,2307650
Fortaleza/CE,CE,Maranguape,2307700
Fortaleza/CE,CE,Pacatuba,2309706
Franca/SP,MG,Claraval,3116407
Franca/SP,SP,Cristais Paulista,3513207
Franca/SP,SP,Franca,3516200
Franca/SP,SP,Itirapuã,3523701
Franca/SP,SP,Patrocínio Paulista,3536307
Franca/SP,SP,Restinga,3542701
Franca/SP,SP,Ribeirão Corrente,3543105
Gastão Vidigal - Monções/SP,SP,Gastão Vidigal,3516804
Gastão Vidigal - Monções/SP,SP,Monções,3531001
Getúlio Vargas/RS,RS,Estação,4307559
Getúlio Vargas/RS,RS,Getúlio Vargas,4308904
Goianésia/GO,GO,Barro Alto,5203203
Goianésia/GO,GO,Goianésia,5208608
Goianésia/GO,GO,Santa Rita do Novo Destino,5219456
Goiânia/GO,GO,Abadia de Goiás,5200050
Goiânia/GO,GO,Aparecida de Goiânia,5201405
Goiânia/GO,GO,Aragoiânia,5201801
Goiânia/GO,GO,Bonfinópolis,5203559
Goiânia/GO,GO,Brazabrantes,5203609
Goiânia/GO,GO,Caldazinha,5204557
Goiânia/GO,GO,Goiânia,5208707
Goiânia/GO,GO,Goianira,5208806
Goiânia/GO,GO,Guapó,5209200
Goiânia/GO,GO,Hidrolândia,5209705
Goiânia/GO,GO,Nerópolis,5214507
Goiânia/GO,GO,Nova Veneza,5215009
Goiânia/GO,GO,Santo Antônio de Goiás,5219738
Goiânia/GO,GO,Senador Canedo,5220454
Goiânia/GO,GO,Trindade,5221403
Guarabira/PB,PB,Guarabira,2506301
Guarabira/PB,PB,Pilõezinhos,2511707
Guaratinguetá/SP,SP,Aparecida,3502507
Guaratinguetá/SP,SP,Guaratinguetá,3518404
Guaratinguetá/SP,SP,Potim,3540754
Guaratinguetá/SP,SP,Roseira,3544301
Guariba/SP,SP,Guariba,3518602
Guariba/SP,SP,Santa Ernestina,3546504
Igarapava/SP,SP,Aramina,3503000
Igarapava/SP,MG,Delta,3121258
Igarapava/SP,SP,Igarapava,3520103
Iguape/SP,SP,Iguape,3520301
Iguape/SP,SP,Ilha Comprida,3520426
Imbituba/SC,SC,Garopaba,4205704
Imbituba/SC,SC,Imbituba,4207304
Imperatriz/MA,MA,Davinópolis,2103752
Imperatriz/MA,MA,Imperatriz,2105302
Indiara/GO,GO,Indiara,5209952
Indiara/GO,GO,Jandaia,5211701
Internacional Chuy/Uruguai - Chuí/ Brasil,RS,Chuí,4305439
Internacional de Artigas/Uruguai - Quaraí/Brasil,RS,Quaraí,4315305
Internacional de Assis Brasil/Brasil,AC,Assis Brasil,1200054
Internacional de Bela Vista/Brasil,MS,Bela Vista,5002100
Internacional de Bella Unión/Uruguai - Monte Caseros/Argentina,RS,Barra do Quaraí,4301875
Internacional de Bonfim/Brasil - Ireng/ Guiana,RR,Bonfim,1400159
Internacional de Capitán Bado/Paraguai - Coronel Sapucaia/Brasil,MS,Coronel Sapucaia,5003157
Internacional de Cobija/Bolívia - Brasiléia/Brasil,AC,Brasiléia,1200104
Internacional de Cobija/Bolívia - Brasiléia/Brasil,AC,Epitaciolândia,1200252
Internacional de Corumbá/Brasil,MS,Corumbá,5003207
Internacional de Corumbá/Brasil,MS,Ladário,5005202
Internacional de Dionísio Cerqueira- Barracão/Brasil - Bernardo de Irigoyen/ Argentina,PR,Barracão,4102604
Internacional de Dionísio Cerqueira- Barracão/Brasil - Bernardo de Irigoyen/ Argentina,SC,Dionísio Cerqueira,4205001
Internacional de Foz do Iguaçu/Brasil - Ciudad del Este/Paraguai,PR,Foz do Iguaçu,4108304
Internacional de Foz do Iguaçu/Brasil - Ciudad del Este/Paraguai,PR,Santa Terezinha de Itaipu,4124053
Internacional de Garruchos/Brasil,RS,Garruchos,4308656
Internacional de Guaíra/Brasil,PR,Guaíra,4108809
Internacional de Guajará-Mirim/Brasil - Guayaramerín/Bolívia,RO,Guajará-Mirim,1100106
Internacional de Itaqui/Brasil,RS,Itaqui,4310603
Internacional de Jaguarão/Brasil - Rio Branco/Uruguai,RS,Jaguarão,4311007
Internacional de Oiapoque/Brasil,AP,Oiapoque,1600501
Internacional de Paranhos/Brasil - Ypejhú/Paraguai,MS,Paranhos,5006358
Internacional de Pedro Juan Caballero/ Paraguai - Ponta Porã/Brasil,MS,Ponta Porã,5006606
Internacional de Porto Mauá/Brasil - Alba Posse/Argentina,RS,Porto Mauá,4315057
Internacional de Porto Vera Cruz/Brasil - Panambí/Argentina,RS,Porto Vera Cruz,4315073
Internacional de Porto Xavier/Brasil - San Javier/Argentina,RS,Porto Xavier,4315107
Internacional de Sant’Ana do Livramento/Brasil - Rivera/Uruguai,RS,Sant ́Ana do Livramento,4317103
Internacional de Santo Antônio do Sudoeste/Brasil,PR,Pranchita,4120358
Internacional de Santo Antônio do Sudoeste/Brasil,PR,Santo Antônio do Sudoeste,4124400
Internacional de São Borja/Brasil,RS,São Borja,4318002
Internacional de Tabatinga/Brasil - Letícia/Colômbia,AM,Tabatinga,1304062
Internacional de Uruguaiana/Brasil,RS,Uruguaiana,4322400
Ipatinga/MG,MG,Belo Oriente,3106309
Ipatinga/MG,MG,Bugre,3109253
Ipatinga/MG,MG,Coronel Fabriciano,3119401
Ipatinga/MG,MG,Ipaba,3131158
Ipatinga/MG,MG,Ipatinga,3131307
Ipatinga/MG,MG,Jaguaraçu,3135001
Ipatinga/MG,MG,Marliéria,3140308
Ipatinga/MG,MG,Naque,3144359
Ipatinga/MG,MG,Santana do Paraíso,3158953
Ipatinga/MG,MG,Timóteo,3168705
Itajaí - Balneário Camboriú/SC,SC,Balneário Camboriú,4202008
Itajaí - Balneário Camboriú/SC,SC,Balneário Piçarras,4212809
Itajaí - Balneário Camboriú/SC,SC,Barra Velha,4202107
Itajaí - Balneário Camboriú/SC,SC,Camboriú,4203204
Itajaí - Balneário Camboriú/SC,SC,Itajaí,4208203
Itajaí - Balneário Camboriú/SC,SC,Navegantes,4211306
Itajaí - Balneário Camboriú/SC,SC,Penha,4212502
Itajubá/MG,MG,Itajubá,3132404
Itajubá/MG,MG,Piranguçu,3150901
Itajubá/MG,MG,Piranguinho,3151008
Itajubá/MG,MG,São José do Alegre,3163201
Itajubá/MG,MG,Wenceslau Braz,3172202
Itambé/PE - Pedras de Fogo/PB,PE,Camutanga,2603603
Itambé/PE - Pedras de Fogo/PB,PE,Itambé,2607653
Itambé/PE - Pedras de Fogo/PB,PB,Juripiranga,2507903
Itambé/PE - Pedras de Fogo/PB,PB,Pedras de Fogo,2511202
Itaocara/RJ,RJ,Aperibé,3300159
Itaocara/RJ,RJ,Itaocara,3302106
Itapema/SC,SC,Bombinhas,4202453
Itapema/SC,SC,Itapema,4208302
Itapema/SC,SC,Porto Belo,4213500
Itapetininga/SP,SP,Alambari,3500758
Itapetininga/SP,SP,Itapetininga,3522307
Itapiranga/SC,RS,Barra do Guarita,4301859
Itapiranga/SC,SC,Itapiranga,4208401
Itaúna/MG,MG,Itatiaiuçu,3133709
Itaúna/MG,MG,Itaúna,3133808
Itu - Salto/SP,SP,Itu,3523909
Itu - Salto/SP,SP,Salto,3545209
Itumbiara/GO,MG,Araporã,3103751
Itumbiara/GO,GO,Itumbiara,5211503
Ivoti/RS,RS,Ivoti,4310801
Ivoti/RS,RS,Lindolfo Collor,4311627
Ivoti/RS,RS,Presidente Lucena,4315149
Jacaraú/PB,PB,Jacaraú,2507309
Jacaraú/PB,PB,Pedro Régis,2512721
Jaciara/MT,MT,Jaciara,5104807
Jaciara/MT,MT,São Pedro da Cipa,5107404
Jales/SP,SP,Dirce Reis,3513850
Jales/SP,SP,Jales,3524808
Jales/SP,SP,Vitória Brasil,3556958
Janaúba/MG,MG,Janaúba,3135100
Janaúba/MG,MG,Nova Porteirinha,3145059
Jandaia do Sul/PR,PR,Cambira,4103800
Jandaia do Sul/PR,PR,Jandaia do Sul,4112108
Jaraguá do Sul/SC,SC,Corupá,4204509
Jaraguá do Sul/SC,SC,Guaramirim,4206504
Jaraguá do Sul/SC,SC,Jaraguá do Sul,4208906
Jaraguá do Sul/SC,SC,Schroeder,4217402
Jardim/MS,MS,Guia Lopes da Laguna,5004106
Jardim/MS,MS,Jardim,5005004
Joaçaba - Herval d ́Oeste/SC,SC,Herval d ́Oeste,4206702
Joaçaba - Herval d ́Oeste/SC,SC,Joaçaba,4209003
Joaçaba - Herval d ́Oeste/SC,SC,Luzerna,4210035
João Monlevade/MG,MG,Bela Vista de Minas,3106002
João Monlevade/MG,MG,João Monlevade,3136207
João Pessoa/PB,PB,Bayeux,2501807
João Pessoa/PB,PB,Cabedelo,2503209
João Pessoa/PB,PB,Conde,2504603
João Pessoa/PB,PB,João Pessoa,2507507
João Pessoa/PB,PB,Lucena,2508604
João Pessoa/PB,PB,Santa Rita,2513703
Joinville/SC,SC,Araquari,4201307
Joinville/SC,SC,Joinville,4209102
Juazeiro do Norte/CE,CE,Barbalha,2301901
Juazeiro do Norte/CE,CE,Crato,2304202
Juazeiro do Norte/CE,CE,Juazeiro do Norte,2307304
Jucás - Cariús/CE,CE,Cariús,2303303
Jucás - Cariús/CE,CE,Jucás,2307403
Juiz de Fora/MG,MG,Chácara,3115904
Juiz de Fora/MG,MG,Ewbank da Câmara,3125002
Juiz de Fora/MG,MG,Juiz de Fora,3136702
Juiz de Fora/MG,MG,Matias Barbosa,3140803
Juiz de Fora/MG,MG,Simão Pereira,3167509
Jundiaí/SP,SP,Cabreúva,3508405
Jundiaí/SP,SP,Campo Limpo Paulista,3509601
Jundiaí/SP,SP,Itupeva,3524006
Jundiaí/SP,SP,Jarinu,3525201
Jundiaí/SP,SP,Jundiaí,3525904
Jundiaí/SP,SP,Louveira,3527306
Jundiaí/SP,SP,Várzea Paulista,3556503
Lagoa da Prata/MG,MG,Japaraíba,3135308
Lagoa da Prata/MG,MG,Lagoa da Prata,3137205
Lagoa Vermelha/RS,RS,Capão Bonito do Sul,4304622
Lagoa Vermelha/RS,RS,Lagoa Vermelha,4311304
Lajeado/RS,RS,Arroio do Meio,4301008
Lajeado/RS,RS,Bom Retiro do Sul,4302402
Lajeado/RS,RS,Cruzeiro do Sul,4306205
Lajeado/RS,RS,Estrela,4307807
Lajeado/RS,RS,Fazenda Vilanova,4308078
Lajeado/RS,RS,Forquetinha,4308433
Lajeado/RS,RS,Lajeado,4311403
Lajeado/RS,RS,Santa Clara do Sul,4316758
Laranjal do Jari/AP - Almeirim/PA,PA,Almeirim,1500503
Laranjal do Jari/AP - Almeirim/PA,AP,Laranjal do Jari,1600279
Laranjal do Jari/AP - Almeirim/PA,AP,Vitória do Jari,1600808
Lavras/MG,MG,Ijaci,3130408
Lavras/MG,MG,Itumirim,3134301
Lavras/MG,MG,Lavras,3138203
Lavras/MG,MG,Ribeirão Vermelho,3154705
Leme/SP,SP,Leme,3526704
Leme/SP,SP,Santa Cruz da Conceição,3546207
Limeira/SP,SP,Iracemápolis,3521408
Limeira/SP,SP,Limeira,3526902
Londrina/PR,PR,Cambé,4103701
Londrina/PR,PR,Ibiporã,4109807
Londrina/PR,PR,Jataizinho,4112702
Londrina/PR,PR,Londrina,4113700
Lorena/SP,SP,Canas,3509957
Lorena/SP,SP,Lorena,3527207
Macaé - Rio das Ostras/RJ,RJ,Carapebus,3300936
Macaé - Rio das Ostras/RJ,RJ,Casimiro de Abreu,3301306
Macaé - Rio das Ostras/RJ,RJ,Conceição de Macabu,3301405
Macaé - Rio das Ostras/RJ,RJ,Macaé,3302403
Macaé - Rio das Ostras/RJ,RJ,Rio das Ostras,3304524
Macapá/AP,AP,Macapá,1600303
Macapá/AP,AP,Santana,1600600
Maceió/AL,AL,Barra de Santo Antônio,2700508
Maceió/AL,AL,Coqueiro Seco,2702207
Maceió/AL,AL,Maceió,2704302
Maceió/AL,AL,Marechal Deodoro,2704708
Maceió/AL,AL,Messias,2705200
Maceió/AL,AL,Paripueira,2706448
Maceió/AL,AL,Rio Largo,2707701
Maceió/AL,AL,Santa Luzia do Norte,2707909
Maceió/AL,AL,Satuba,2708907
Mafra/SC - Rio Negro/PR,SC,Mafra,4210100
Mafra/SC - Rio Negro/PR,PR,Rio Negro,4122305
Mamanguape - Rio Tinto/PB,PB,Mamanguape,2508901
Mamanguape - Rio Tinto/PB,PB,Rio Tinto,2512903
Maragogi/AL - São José da Coroa Grande/PE,AL,Maragogi,2704500
Maragogi/AL - São José da Coroa Grande/PE,PE,São José da Coroa Grande,2613404
Marília/SP,SP,Marília,3529005
Marília/SP,SP,Oriente,3534104
Marília/SP,SP,Vera Cruz,3556602
Maringá/PR,PR,Floresta,4107900
Maringá/PR,PR,Iguaraçu,4110003
Maringá/PR,PR,Itambé,4111100
Maringá/PR,PR,Mandaguaçu,4114104
Maringá/PR,PR,Marialva,4114807
Maringá/PR,PR,Maringá,4115200
Maringá/PR,PR,Ourizona,4117404
Maringá/PR,PR,Paiçandu,4117503
Maringá/PR,PR,Presidente Castelo Branco,4120408
Maringá/PR,PR,Sarandi,4126256
Matão/SP,SP,Dobrada,3514007
Matão/SP,SP,Matão,3529302
Matinhos - Pontal do Paraná/PR,PR,Matinhos,4115705
Matinhos - Pontal do Paraná/PR,PR,Pontal do Paraná,4119954
Matozinhos/MG,MG,Capim Branco,3112505
Matozinhos/MG,MG,Matozinhos,3141108
Maurilândia/GO,GO,Maurilândia,5213004
Maurilândia/GO,GO,Porteirão,5218052
Maurilândia/GO,GO,Turvelândia,5221551
Mendes - Engenheiro Paulo de Frontin/RJ,RJ,Engenheiro Paulo de Frontin,3301801
Mendes - Engenheiro Paulo de Frontin/RJ,RJ,Mendes,3302809
Miracema do Tocantins/TO,TO,Miracema do Tocantins,1713205
Miracema do Tocantins/TO,TO,Tocantínia,1721109
Mogi Guaçu - Mogi Mirim/SP,SP,Estiva Gerbi,3557303
Mogi Guaçu - Mogi Mirim/SP,SP,Mogi Guaçu,3530706
Mogi Guaçu - Mogi Mirim/SP,SP,Mogi Mirim,3530805
Morros - Axixá/MA,MA,Axixá,2101103
Morros - Axixá/MA,MA,Morros,2107100
Natal/RN,RN,Extremoz,2403608
Natal/RN,RN,Macaíba,2407104
Natal/RN,RN,Natal,2408102
Natal/RN,RN,Parnamirim,2403251
Natal/RN,RN,São Gonçalo do Amarante,2412005
Nhamundá/AM,PA,Faro,1503002
Nhamundá/AM,AM,Nhamundá,1303007
Nova Granada/SP,SP,Nova Granada,3533007
Nova Granada/SP,SP,Onda Verde,3534005
Nova Londrina - Marilena/PR,PR,Marilena,4115002
Nova Londrina - Marilena/PR,PR,Nova Londrina,4117107
Nova Serrana/MG,MG,Leandro Ferreira,3138302
Nova Serrana/MG,MG,Nova Serrana,3145208
Novo Hamburgo - São Leopoldo/RS,RS,Campo Bom,4303905
Novo Hamburgo - São Leopoldo/RS,RS,Estância Velha,4307609
Novo Hamburgo - São Leopoldo/RS,RS,Novo Hamburgo,4313409
Novo Hamburgo - São Leopoldo/RS,RS,Portão,4314803
Novo Hamburgo - São Leopoldo/RS,RS,São Leopoldo,4318705
Otacílio Costa/SC,SC,Otacílio Costa,4211751
Otacílio Costa/SC,SC,Palmeira,4212056
Ourinhos/SP,SP,Canitar,3510153
Ourinhos/SP,SP,Ourinhos,3534708
Paraguaçu Paulista/SP,SP,Borá,3507209
Paraguaçu Paulista/SP,SP,Paraguaçu Paulista,3535507
Paranacity/PR,PR,Cruzeiro do Sul,4106704
Paranacity/PR,PR,Paranacity,4118105
Paranavaí/PR,PR,Nova Aliança do Ivaí,4116505
Paranavaí/PR,PR,Paranavaí,4118402
Paraopeba/MG,MG,Caetanópolis,3109907
Paraopeba/MG,MG,Paraopeba,3147402
Passos/SP,MG,Fortaleza de Minas,3126307
Passos/SP,MG,Passos,3147907
Pato Branco/PR,PR,Pato Branco,4118501
Pato Branco/PR,PR,Vitorino,4128708
Patos/PB,PB,Patos,2510808
Patos/PB,PB,Quixabá,2512606
Paty do Alferes - Miguel Pereira/RJ,RJ,Miguel Pereira,3302908
Paty do Alferes - Miguel Pereira/RJ,RJ,Paty do Alferes,3303856
Paulo de Faria - Orindiúva/SP,SP,Orindiúva,3534203
Paulo de Faria - Orindiúva/SP,SP,Paulo de Faria,3536604
Pedreiras/MA,MA,Pedreiras,2108207
Pedreiras/MA,MA,Trizidela do Vale,2112233
Pedro Afonso/TO,TO,Bom Jesus do Tocantins,1703305
Pedro Afonso/TO,TO,Pedro Afonso,1716505
Pedro Afonso/TO,TO,Tupirama,1721257
Pedro Osório - Cerrito/RS,RS,Cerrito,4305124
Pedro Osório - Cerrito/RS,RS,Pedro Osório,4314209
Pelotas/RS,RS,Arroio do Padre,4301073
Pelotas/RS,RS,Capão do Leão,4304663
Pelotas/RS,RS,Pelotas,4314407
Penedo/AL,SE,Neópolis,2804409
Penedo/AL,AL,Penedo,2706703
Petrolina/PE - Juazeiro/BA,BA,Juazeiro,2918407
Petrolina/PE - Juazeiro/BA,PE,Petrolina,2611101
Petrópolis/RJ,RJ,Areal,3300225
Petrópolis/RJ,RJ,Petrópolis,3303906
Picos/PI,PI,Geminiano,2204352
Picos/PI,PI,Picos,2208007
Piracicaba/SP,SP,Charqueada,3511706
Piracicaba/SP,SP,Piracicaba,3538709
Piracicaba/SP,SP,Rio das Pedras,3544004
Piracicaba/SP,SP,Saltinho,3545159
Pirajuí/SP,SP,Balbinos,3504701
Pirajuí/SP,SP,Pirajuí,3538907
Pirapora - Buritizeiro/MG,MG,Buritizeiro,3109402
Pirapora - Buritizeiro/MG,MG,Pirapora,3151206
Pirapozinho/SP,SP,Narandiba,3532207
Pirapozinho/SP,SP,Pirapozinho,3539202
Piratuba - Ipira/SC,SC,Ipira,4207601
Piratuba - Ipira/SC,SC,Piratuba,4213104
Pires do Rio/GO,GO,Palmelo,5215801
Pires do Rio/GO,GO,Pires do Rio,5217401
Pires do Rio/GO,GO,Urutaí,5221809
Pitangui/MG,MG,Conceição do Pará,3117603
Pitangui/MG,MG,Pitangui,3151404
Planura/MG - Colômbia/SP,SP,Colômbia,3512100
Planura/MG - Colômbia/SP,MG,Planura,3151602
Pompéia/SP,SP,Pompéia,3540002
Pompéia/SP,SP,Quintana,3542008
Ponta Grossa/PR,PR,Carambeí,4104659
Ponta Grossa/PR,PR,Ponta Grossa,4119905
Ponte Nova/MG,MG,Oratórios,3145851
Ponte Nova/MG,MG,Ponte Nova,3152105
Ponto Belo - Mucurici/ES,ES,Mucurici,3203601
Ponto Belo - Mucurici/ES,ES,Ponto Belo,3204252
Porto Alegre/RS,RS,Alvorada,4300604
Porto Alegre/RS,RS,Cachoeirinha,4303103
Porto Alegre/RS,RS,Canoas,4304606
Porto Alegre/RS,RS,Eldorado do Sul,4306767
Porto Alegre/RS,RS,Esteio,4307708
Porto Alegre/RS,RS,Glorinha,4309050
Porto Alegre/RS,RS,Gravataí,4309209
Porto Alegre/RS,RS,Guaíba,4309308
Porto Alegre/RS,RS,Nova Santa Rita,4313375
Porto Alegre/RS,RS,Porto Alegre,4314902
Porto Alegre/RS,RS,Sapucaia do Sul,4320008
Porto Alegre/RS,RS,Viamão,4323002
Porto Velho/RO,RO,Candeias do Jamari,1100809
Porto Velho/RO,RO,Porto Velho,1100205
Pouso Alto/MG,MG,Pouso Alto,3152600
Pouso Alto/MG,MG,São Sebastião do Rio Verde,3164902
Praia Grande/SC,RS,Mampituba,4311734
Praia Grande/SC,SC,Praia Grande,4213807
Presidente Juscelino - Cachoeira Grande/MA,MA,Cachoeira Grande,2102374
Presidente Juscelino - Cachoeira Grande/MA,MA,Presidente Juscelino,2109205
Presidente Prudente/SP,SP,Alfredo Marcondes,3500808
Presidente Prudente/SP,SP,Álvares Machado,3501301
Presidente Prudente/SP,SP,Anhumas,3502408
Presidente Prudente/SP,SP,Caiabu,3508900
Presidente Prudente/SP,SP,Emilianópolis,3515129
Presidente Prudente/SP,SP,Indiana,3520608
Presidente Prudente/SP,SP,Presidente Bernardes,3541208
Presidente Prudente/SP,SP,Presidente Prudente,3541406
Presidente Prudente/SP,SP,Regente Feijó,3542404
Presidente Prudente/SP,SP,Santo Expedito,3548302
Presidente Prudente/SP,SP,Taciba,3552908
Presidente Prudente/SP,SP,Tarabai,3553906
Presidente Venceslau/SP,SP,Caiuá,3509106
Presidente Venceslau/SP,SP,Presidente Venceslau,3541505
Propriá/SE,SE,Propriá,2805703
Propriá/SE,SE,Telha,2807303
Recife/PE,PE,Abreu e Lima,2600054
Recife/PE,PE,Araçoiaba,2601052
Recife/PE,PE,Cabo de Santo Agostinho,2602902
Recife/PE,PE,Camaragibe,2603454
Recife/PE,PE,Igarassu,2606804
Recife/PE,PE,Ilha de Itamaracá,2607604
Recife/PE,PE,Ipojuca,2607208
Recife/PE,PE,Itapissuma,2607752
Recife/PE,PE,Jaboatão dos Guararapes,2607901
Recife/PE,PE,Moreno,2609402
Recife/PE,PE,Olinda,2609600
Recife/PE,PE,Paudalho,2610608
Recife/PE,PE,Paulista,2610707
Recife/PE,PE,Recife,2611606
Recife/PE,PE,São Lourenço da Mata,2613701
Redenção - Acarape/CE,CE,Acarape,2300150
Redenção - Acarape/CE,CE,Redenção,2311603
Resende/RJ,RJ,Itatiaia,3302254
Resende/RJ,RJ,Porto Real,3304110
Resende/RJ,RJ,Quatis,3304128
Resende/RJ,RJ,Resende,3304201
Ribeirão Preto/SP,SP,Brodowski,3507803
Ribeirão Preto/SP,SP,Cravinhos,3513108
Ribeirão Preto/SP,SP,Jardinópolis,3525102
Ribeirão Preto/SP,SP,Ribeirão Preto,3543402
Ribeirão Preto/SP,SP,Santa Cruz da Esperança,3546256
Ribeirão Preto/SP,SP,Serra Azul,3551405
Ribeirão Preto/SP,SP,Serrana,3551504
Rio Claro/SP,SP,Ipeúna,3521101
Rio Claro/SP,SP,Rio Claro,3543907
Rio Claro/SP,SP,Santa Gertrudes,3546702
Rio de Janeiro/RJ,RJ,Belford Roxo,3300456
Rio de Janeiro/RJ,RJ,Duque de Caxias,3301702
Rio de Janeiro/RJ,RJ,Guapimirim,3301850
Rio de Janeiro/RJ,RJ,Itaboraí,3301900
Rio de Janeiro/RJ,RJ,Itaguaí,3302007
Rio de Janeiro/RJ,RJ,Japeri,3302270
Rio de Janeiro/RJ,RJ,Magé,3302502
Rio de Janeiro/RJ,RJ,Mangaratiba,3302601
Rio de Janeiro/RJ,RJ,Maricá,3302700
Rio de Janeiro/RJ,RJ,Mesquita,3302858
Rio de Janeiro/RJ,RJ,Nilópolis,3303203
Rio de Janeiro/RJ,RJ,Niterói,3303302
Rio de Janeiro/RJ,RJ,Nova Iguaçu,3303500
Rio de Janeiro/RJ,RJ,Paracambi,3303609
Rio de Janeiro/RJ,RJ,Queimados,3304144
Rio de Janeiro/RJ,RJ,Rio de Janeiro,3304557
Rio de Janeiro/RJ,RJ,São Gonçalo,3304904
Rio de Janeiro/RJ,RJ,São João de Meriti,3305109
Rio de Janeiro/RJ,RJ,Saquarema,3305505
Rio de Janeiro/RJ,RJ,Seropédica,3305554
Rio de Janeiro/RJ,RJ,Tanguá,3305752
Rio do Sul/SC,SC,Agronômica,4200309
Rio do Sul/SC,SC,Lontras,4209904
Rio do Sul/SC,SC,Rio do Sul,4214805
Riolândia/SP,SP,Pontes Gestal,3540309
Riolândia/SP,SP,Riolândia,3544202
Salvador do Sul/RS,RS,Salvador do Sul,4316501
Salvador do Sul/RS,RS,São Pedro da Serra,4319356
Salvador/BA,BA,Camaçari,2905701
Salvador/BA,BA,Candeias,2906501
Salvador/BA,BA,Dias d ́Ávila,2910057
Salvador/BA,BA,Lauro de Freitas,2919207
Salvador/BA,BA,Madre de Deus,2919926
Salvador/BA,BA,Mata de São João,2921005
Salvador/BA,BA,Salvador,2927408
Salvador/BA,BA,São Francisco do Conde,2929206
Salvador/BA,BA,São Sebastião do Passé,2929503
Salvador/BA,BA,Simões Filho,2930709
Santa Adélia - Palmares Paulista - Ariranha/SP,SP,Ariranha,3503703
Santa Adélia - Palmares Paulista - Ariranha/SP,SP,Palmares Paulista,3535101
Santa Adélia - Palmares Paulista - Ariranha/SP,SP,Santa Adélia,3545605
Santa Cruz do Sul/RS,RS,Santa Cruz do Sul,4316808
Santa Cruz do Sul/RS,RS,Vera Cruz,4322707
Santa Fé do Sul/SP,SP,Rubinéia,3544509
Santa Fé do Sul/SP,SP,Santa Clara d ́Oeste,3546108
Santa Fé do Sul/SP,SP,Santa Fé do Sul,3546603
Santa Fé do Sul/SP,SP,Santa Rita d ́Oeste,3547403
Santa Fé do Sul/SP,SP,Santana da Ponte Pensa,3547205
Santa Fé do Sul/SP,SP,Três Fronteiras,3554904
Santa Helena - Turilândia/MA,MA,Santa Helena,2109809
Santa Helena - Turilândia/MA,MA,Turilândia,2112456
Santa Maria da Vitória/BA,BA,Santa Maria da Vitória,2928109
Santa Maria da Vitória/BA,BA,São Félix do Coribe,2929057
Santa Maria/RS,RS,Itaara,4310538
Santa Maria/RS,RS,Santa Maria,4316907
Santo Ângelo/RS,RS,Entre-Ijuís,4306932
Santo Ângelo/RS,RS,Santo Ângelo,4317509
Santo Antônio de Pádua/RJ,MG,Pirapetinga,3151107
Santo Antônio de Pádua/RJ,RJ,Santo Antônio de Pádua,3304706
Santo Antônio do Aracanguá/SP,SP,Nova Luzitânia,3533304
Santo Antônio do Aracanguá/SP,SP,Santo Antônio do Aracanguá,3548054
Santo Antônio/RN,RN,Santo Antônio,2411502
Santo Antônio/RN,RN,Serrinha,2413508
São Bento do Sul - Rio Negrinho/SC,SC,Rio Negrinho,4215000
São Bento do Sul - Rio Negrinho/SC,SC,São Bento do Sul,4215802
São Carlos - Águas de Chapecó/SC,SC,Águas de Chapecó,4200507
São Carlos - Águas de Chapecó/SC,SC,São Carlos,4216008
São Carlos/SP,SP,Ibaté,3519303
São Carlos/SP,SP,São Carlos,3548906
São Gabriel/RS,RS,Santa Margarida do Sul,4316972
São Gabriel/RS,RS,São Gabriel,4318309
São Geraldo do Araguaia/PA,PA,São Geraldo do Araguaia,1507458
São Geraldo do Araguaia/PA,TO,Xambioá,1722107
São João da Boa Vista/SP,SP,Águas da Prata,3500402
São João da Boa Vista/SP,SP,São João da Boa Vista,3549102
São João del Rei/MG,MG,Coronel Xavier Chaves,3119708
São João del Rei/MG,MG,Santa Cruz de Minas,3157336
São João del Rei/MG,MG,São João del Rei,3162500
São João del Rei/MG,MG,Tiradentes,3168804
São José de Mipibu - Nísia Floresta/RN,RN,Nísia Floresta,2408201
São José de Mipibu - Nísia Floresta/RN,RN,São José de Mipibu,2412203
São José do Rio Preto/SP,SP,Bady Bassitt,3504602
São José do Rio Preto/SP,SP,Bálsamo,3504800
São José do Rio Preto/SP,SP,Cedral,3511300
São José do Rio Preto/SP,SP,Guapiaçu,3517505
São José do Rio Preto/SP,SP,Ipiguá,3521150
São José do Rio Preto/SP,SP,Jaci,3524501
São José do Rio Preto/SP,SP,Mirassol,3530300
São José do Rio Preto/SP,SP,Mirassolândia,3530409
São José do Rio Preto/SP,SP,Neves Paulista,3532504
São José do Rio Preto/SP,SP,Nova Aliança,3532801
São José do Rio Preto/SP,SP,São José do Rio Preto,3549805
São José do Rio Preto/SP,SP,Uchoa,3555604
São José dos Campos/SP,SP,Caçapava,3508504
São José dos Campos/SP,SP,Jacareí,3524402
São José dos Campos/SP,SP,Jambeiro,3524907
São José dos Campos/SP,SP,Monteiro Lobato,3531704
São José dos Campos/SP,SP,Santa Branca,3546009
São José dos Campos/SP,SP,São José dos Campos,3549904
São Lourenço/MG,MG,São Lourenço,3163706
São Lourenço/MG,MG,Soledade de Minas,3167806
São Luís/MA,MA,Paço do Lumiar,2107506
São Luís/MA,MA,Raposa,2109452
São Luís/MA,MA,São José de Ribamar,2111201
São Luís/MA,MA,São Luís,2111300
São Paulo/SP,SP,Arujá,3503901
São Paulo/SP,SP,Barueri,3505708
São Paulo/SP,SP,Biritiba-Mirim,3506607
São Paulo/SP,SP,Caieiras,3509007
São Paulo/SP,SP,Cajamar,3509205
São Paulo/SP,SP,Carapicuíba,3510609
São Paulo/SP,SP,Cotia,3513009
São Paulo/SP,SP,Diadema,3513801
São Paulo/SP,SP,Embu,3515004
São Paulo/SP,SP,Embu-Guaçu,3515103
São Paulo/SP,SP,Ferraz de Vasconcelos,3515707
São Paulo/SP,SP,Francisco Morato,3516309
São Paulo/SP,SP,Franco da Rocha,3516408
São Paulo/SP,SP,Guarulhos,3518800
São Paulo/SP,SP,Itapecerica da Serra,3522208
São Paulo/SP,SP,Itapevi,3522505
São Paulo/SP,SP,Itaquaquecetuba,3523107
São Paulo/SP,SP,Jandira,3525003
São Paulo/SP,SP,Mairiporã,3528502
São Paulo/SP,SP,Mauá,3529401
São Paulo/SP,SP,Mogi das Cruzes,3530607
São Paulo/SP,SP,Osasco,3534401
São Paulo/SP,SP,Pirapora do Bom Jesus,3539103
São Paulo/SP,SP,Poá,3539806
São Paulo/SP,SP,Ribeirão Pires,3543303
São Paulo/SP,SP,Rio Grande da Serra,3544103
São Paulo/SP,SP,Salesópolis,3545001
São Paulo/SP,SP,Santa Isabel,3546801
São Paulo/SP,SP,Santana de Parnaíba,3547304
São Paulo/SP,SP,Santo André,3547809
São Paulo/SP,SP,São Bernardo do Campo,3548708
São Paulo/SP,SP,São Caetano do Sul,3548807
São Paulo/SP,SP,São Lourenço da Serra,3549953
São Paulo/SP,SP,São Paulo,3550308
São Paulo/SP,SP,Suzano,3552502
São Paulo/SP,SP,Taboão da Serra,3552809
São Paulo/SP,SP,Vargem Grande Paulista,3556453
São Pedro/SP,SP,Águas de São Pedro,3500600
São Pedro/SP,SP,São Pedro,3550407
São Roque - Mairinque/SP,SP,Mairinque,3528403
São Roque - Mairinque/SP,SP,São Roque,3550605
São Sebastião da Amoreira/PR,PR,Nova América da Colina,4116604
São Sebastião da Amoreira/PR,PR,São Sebastião da Amoreira,4126009
Sapiranga/RS,RS,Araricá,4300877
Sapiranga/RS,RS,Nova Hartz,4313060
Sapiranga/RS,RS,Sapiranga,4319901
Serranos - Seritinga/MG,MG,Seritinga,3166402
Serranos - Seritinga/MG,MG,Serranos,3167004
Sete Lagoas/MG,MG,Inhaúma,3131000
Sete Lagoas/MG,MG,Prudente de Morais,3153608
Sete Lagoas/MG,MG,Sete Lagoas,3167202
Sobral/CE,CE,Forquilha,2304350
Sobral/CE,CE,Sobral,2312908
Solânea - Bananeiras/PB,PB,Bananeiras,2501500
Solânea - Bananeiras/PB,PB,Solânea,2516003
Sombrio/SC,SC,Balneário Gaivota,4202073
Sombrio/SC,SC,Sombrio,4217709
Sorocaba/SP,SP,Alumínio,3501152
Sorocaba/SP,SP,Araçoiaba da Serra,3502903
Sorocaba/SP,SP,Salto de Pirapora,3545308
Sorocaba/SP,SP,Sorocaba,3552205
Sorocaba/SP,SP,Votorantim,3557006
Soure - Salvaterra/PA,PA,Salvaterra,1506302
Soure - Salvaterra/PA,PA,Soure,1507904
Taquara - Parobé - Igrejinha/RS,RS,Igrejinha,4310108
Taquara - Parobé - Igrejinha/RS,RS,Parobé,4314050
Taquara - Parobé - Igrejinha/RS,RS,Taquara,4321204
Taquara - Parobé - Igrejinha/RS,RS,Três Coroas,4321709
Taquaruçu do Sul - Vista Alegre/RS,RS,Taquaruçu do Sul,4321329
Taquaruçu do Sul - Vista Alegre/RS,RS,Vista Alegre,4323507
Taubaté - Pindamonhangaba/SP,SP,Pindamonhangaba,3538006
Taubaté - Pindamonhangaba/SP,SP,Redenção da Serra,3542305
Taubaté - Pindamonhangaba/SP,SP,Taubaté,3554102
Taubaté - Pindamonhangaba/SP,SP,Tremembé,3554805
Teresina/PI,PI,Teresina,2211001
Teresina/PI,MA,Timon,2112209
Teutônia/RS,RS,Paverama,4314159
Teutônia/RS,RS,Teutônia,4321451
Teutônia/RS,RS,Westfalia,4323770
Tocantinópolis/TO - Porto Franco/MA,MA,Porto Franco,2109007
Tocantinópolis/TO - Porto Franco/MA,TO,Tocantinópolis,1721208
Toledo/PR,PR,Ouro Verde do Oeste,4117453
Toledo/PR,PR,Toledo,4127700
Torixoréu/MT - Baliza/GO,GO,Baliza,5203104
Torixoréu/MT - Baliza/GO,MT,Torixoréu,5108204
Torres/RS,SC,Passo de Torres,4212254
Torres/RS,RS,Torres,4321501
Tramandaí - Osório/RS,RS,Imbé,4310330
Tramandaí - Osório/RS,RS,Osório,4313508
Tramandaí - Osório/RS,RS,Tramandaí,4321600
Três Rios - Paraíba do Sul/RJ,MG,Chiador,3116209
Três Rios - Paraíba do Sul/RJ,RJ,Comendador Levy Gasparian,3300951
Três Rios - Paraíba do Sul/RJ,RJ,Paraíba do Sul,3303708
Três Rios - Paraíba do Sul/RJ,MG,Santana do Deserto,3158607
Três Rios - Paraíba do Sul/RJ,RJ,Três Rios,3306008
Tubarão - Laguna/SC,SC,Capivari de Baixo,4203956
Tubarão - Laguna/SC,SC,Gravatal,4206207
Tubarão - Laguna/SC,SC,Laguna,4209409
Tubarão - Laguna/SC,SC,Tubarão,4218707
Tupã/SP,SP,Arco-Íris,3503356
Tupã/SP,SP,Queiroz,3541802
Tupã/SP,SP,Tupã,3555000
Tupi Paulista/SP,SP,Nova Guataporanga,3533106
Tupi Paulista/SP,SP,Tupi Paulista,3555109
Ubá/MG,MG,Rodeiro,3156304
Ubá/MG,MG,Ubá,3169901
Ubaitaba - Aurelino Leal/BA,BA,Aurelino Leal,2902401
Ubaitaba - Aurelino Leal/BA,BA,Ubaitaba,2932200
Umuarama/PR,PR,Maria Helena,4114708
Umuarama/PR,PR,Umuarama,4128104
União da Vitória/PR - Porto União/SC,SC,Porto União,4213609
União da Vitória/PR - Porto União/SC,PR,União da Vitória,4128203
Uruçuí/PI,MA,Benedito Leite,2101806
Uruçuí/PI,PI,Uruçuí,2211209
Valença/RJ,MG,Rio Preto,3155900
Valença/RJ,RJ,Valença,3306107
Valparaíso/SP,SP,Bento de Abreu,3506201
Valparaíso/SP,SP,Valparaíso,3556305
Venâncio Aires/RS,RS,Mato Leitão,4312153
Venâncio Aires/RS,RS,Venâncio Aires,4322608
Vera Cruz - Itaparica/BA,BA,Itaparica,2916104
Vera Cruz - Itaparica/BA,BA,Vera Cruz,2933208
Veranópolis/RS,RS,Veranópolis,4322806
Veranópolis/RS,RS,Vila Flores,4323309
Viçosa/MG,MG,Cajuri,3110202
Viçosa/MG,MG,Viçosa,3171303
Vitória/ES,ES,Cariacica,3201308
Vitória/ES,ES,Fundão,3202207
Vitória/ES,ES,Serra,3205002
Vitória/ES,ES,Viana,3205101
Vitória/ES,ES,Vila Velha,3205200
Vitória/ES,ES,Vitória,3205309
Volta Redonda - Barra Mansa/RJ,RJ,Barra Mansa,3300407
Volta Redonda - Barra Mansa/RJ,RJ,Pinheiral,3303955
Volta Redonda - Barra Mansa/RJ,RJ,Volta Redonda,3306305
Votuporanga/SP,SP,Álvares Florence,3501202
Votuporanga/SP,SP,Parisi,3536257
Votuporanga/SP,SP,Sebastianópolis do Sul,3551306
Votuporanga/SP,SP,Votuporanga,3557105
